productId,imageURL,productURL,productTitle,price,discount percentage,original price,brand,material,style,warranty,colors
"1","https://product.hstatic.net/1000096196/product/nisex__gong_kinh_can__gong_kinh_gia_can_chong_bui__kieu_dang_vuong__5__7cc8180c0e2745b4a8ad97ce9811eb6f_large.jpg","https://matkinhshady.com/products/rayban-eyewear-glasses-0rx5432","Rayban Eyewear - Glasses - 0RX5432","3,648,000","20","4,560,000","RayBan - Mỹ","Nhựa Acetate","Vuông","12 tháng + Shady tặng Gói bảo hành chính hãng thêm 6 tháng. Tổng thời gian bảo hành lên đến 18 tháng","Đen-Đồi Mồi"
"2","https://product.hstatic.net/1000096196/product/nisex__gong_kinh_can__gong_kinh_gia_can_chong_bui__kieu_dang_vuong__5__205e9cd9ea0a4060a70e9dea20770b2d_large.jpg","https://matkinhshady.com/products/rayban-eyewear-glasses-0rx5431f","Rayban Eyewear - Glasses - 0RX5431F","3,648,000","20","4,560,000","RayBan - Mỹ","Nhựa Acetate","Vuông","12 tháng + Shady tặng Gói bảo hành chính hãng thêm 6 tháng. Tổng thời gian bảo hành lên đến 18 tháng","Đen-Đồi Mồi"
"3","https://product.hstatic.net/1000096196/product/unisex__gong_kinh_can__gong_kinh_gia_can_chong_bui__kieu_dang_oval__5__9df214a213134704af648586f1c70c23_large.jpg","https://matkinhshady.com/products/rayban-eyewear-glasses-0rx3749v","Rayban Eyewear - Glasses - 0RX3749V","3,648,000","20","4,560,000","Rayban - Mỹ","Thép không gỉ","Oval","12 tháng + Shady tặng Gói bảo hành chính hãng thêm 6 tháng. Tổng thời gian bảo hành lên đến 18 tháng","Hồng-Bạc-Đen Vàng"
"4","https://product.hstatic.net/1000096196/product/nisex__gong_kinh_can__gong_kinh_gia_can_chong_bui__kieu_dang_vuong__4__4a95f40747054b46a35b328935f63c60_large.jpg","https://matkinhshady.com/products/rayban-eyewear-glasses-0rx3746v","Rayban Eyewear - Glasses - 0RX3746V","3,648,000","20","4,560,000","Rayban - Mỹ","Thép không gỉ","Vuông","12 tháng + Shady tặng Gói bảo hành chính hãng thêm 6 tháng. Tổng thời gian bảo hành lên đến 18 tháng","Đen"
"5","https://product.hstatic.net/1000096196/product/nisex__gong_kinh_can__gong_kinh_gia_can_chong_bui__kieu_dang_vuong__5__06a494e18af344b2a9e55b3078da71d8_large.jpg","https://matkinhshady.com/products/armani-exchange-eyewear-glasses-0ax3016","Armani Exchange Eyewear - Glasses - 0AX3016","2,288,000","20","2,860,000","Armani Exchange - ITALIA","Nhựa Acetate","Vuông","12 tháng + Shady tặng Gói bảo hành chính hãng thêm 6 tháng. Tổng thời gian bảo hành lên đến 18 tháng.","Đen Nhám-Xám"
"6","https://product.hstatic.net/1000096196/product/sex__gong_kinh_can__gong_kinh_gia_can_chong_bui__kieu_dang_mat_meo__4__0302434cdb384c938652cd86681fe295_large.jpg","https://matkinhshady.com/products/coach-eyewear-glasses-0hc6206u","Coach Eyewear - Glasses - 0HC6206U","3,728,000","20","4,660,000","Coach - Mỹ","Nhựa Acetate","Mắt mèo","12 tháng + Shady tặng Gói bảo hành chính hãng thêm 6 tháng. Tổng thời gian bảo hành lên đến 18 tháng.","Đen"
"7","https://product.hstatic.net/1000096196/product/sex__gong_kinh_can__gong_kinh_gia_can_chong_bui__kieu_dang_mat_meo__5__5e4c7533424146be83e1ea88fc696d16_large.jpg","https://matkinhshady.com/products/vogue-eyewear-glasses-0vo5517b","Vogue Eyewear - Glasses - 0VO5517B","3,136,000","20","3,920,000","Vogue - Ý","Nhựa Acetate","Mắt mèo","12 tháng + Shady tặng Gói bảo hành chính hãng thêm 6 tháng. Tổng thời gian bảo hành lên đến 18 tháng","Đen-Xanh Dương"
"8","https://product.hstatic.net/1000096196/product/ong_kinh_can__gong_kinh_gia_can_chong_bui__kieu_dang_vuong_mat_meo__5__1823b8e53685469096b4cda7bbe36ebc_large.jpg","https://matkinhshady.com/products/vogue-eyewear-glasses-0vo5502d","Vogue Eyewear - Glasses - 0VO5502D","2,296,000","20","2,870,000","Vogue - Ý","Nhựa Acetate","Mắt mèo","12 tháng + Shady tặng Gói bảo hành chính hãng thêm 6 tháng. Tổng thời gian bảo hành lên đến 18 tháng","Đen-Đỏ"
"9","https://product.hstatic.net/1000096196/product/sex__gong_kinh_can__gong_kinh_gia_can_chong_bui__kieu_dang_mat_meo__4__0b59455dbe49418194e8be1879d0aa17_large.jpg","https://matkinhshady.com/products/vogue-eyewear-glasses-0vo5276","Vogue Eyewear - Glasses - 0VO5276","2,904,000","20","3,630,000","Vogue - Italia","Nhựa acetate | Hợp kim","Mắt mèo","12 tháng + Shady tặng Gói bảo hành chính hãng thêm 6 tháng. Tổng thời gian bảo hành lên đến 18 tháng","Hồng"
"10","https://product.hstatic.net/1000096196/product/sex__gong_kinh_can__gong_kinh_gia_can_chong_bui__kieu_dang_mat_meo__5__2adcfe4d0a644e7baaf4005c168456a0_large.jpg","https://matkinhshady.com/products/vogue-eyewear-glasses-0vo4273","Vogue Eyewear - Glasses - 0VO4273","2,400,000","20","3,000,000","Vogue - Ý","Thép cao cấp","Mắt mèo","12 tháng + Shady tặng Gói bảo hành chính hãng thêm 6 tháng. Tổng thời gian bảo hành lên đến 18 tháng","Đen Bạc-Hồng"
"11","https://product.hstatic.net/1000096196/product/nisex__gong_kinh_can__gong_kinh_gia_can_chong_bui__kieu_dang_vuong__5__598612cdd3c14d94973fc1856f684908_large.jpg","https://matkinhshady.com/products/rayban-eyewear-glasses-0rx7159f","Rayban Eyewear - Glasses - 0RX7159F","3,792,000","20","4,740,000","RayBan - Mỹ","Nhựa Acetate","Vuông","12 tháng + Shady tặng Gói bảo hành chính hãng thêm 6 tháng. Tổng thời gian bảo hành lên đến 18 tháng","Đồi Mồi-Đen"
"12","https://product.hstatic.net/1000096196/product/nisex__gong_kinh_can__gong_kinh_gia_can_chong_bui__kieu_dang_vuong__5__93148795e9cb4d9d8ec8457e20b5ec87_large.jpg","https://matkinhshady.com/products/rayban-eyewear-glasses-0rx5318d","Rayban Eyewear - Glasses - 0RX5318D","2,128,000","20","2,660,000","RayBan - Mỹ","Nhựa Acetate","Vuông","12 tháng + Shady tặng Gói bảo hành chính hãng thêm 6 tháng. Tổng thời gian bảo hành lên đến 18 tháng","Đen-Đồi Mồi"
"13","https://product.hstatic.net/1000096196/product/nisex__gong_kinh_can__gong_kinh_gia_can_chong_bui__kieu_dang_vuong__5__5ec095e314b144f693458d4bc0b9a5a3_large.jpg","https://matkinhshady.com/products/rayban-eyewear-glasses-0rx5315d","Rayban Eyewear - Glasses - 0RX5315D","2,128,000","30","3,060,000","RayBan - Mỹ","Nhựa Acetate","Vuông","12 tháng + Shady tặng Gói bảo hành chính hãng thêm 6 tháng. Tổng thời gian bảo hành lên đến 18 tháng","Đồi Mồi-Đen-Xám-Đen Nhám"
"14","https://product.hstatic.net/1000096196/product/nisex__gong_kinh_can__gong_kinh_gia_can_chong_bui__kieu_dang_vuong__4__865e5d3810de4ea98f84779e6603c559_large.jpg","https://matkinhshady.com/products/coach-eyewear-glasses-0hc6233u","Coach Eyewear - Glasses - 0HC6233U","4,056,000","20","5,070,000","Coach - Mỹ","Nhựa Acetate","Vuông","12 tháng + Shady tặng Gói bảo hành chính hãng thêm 6 tháng. Tổng thời gian bảo hành lên đến 18 tháng.","Đồi mồi"
"15","https://product.hstatic.net/1000096196/product/nisex__gong_kinh_can__gong_kinh_gia_can_chong_bui__kieu_dang_vuong__4__0434f0350b374d97b10d249ba0b47fe5_large.jpg","https://matkinhshady.com/products/molsion-eyewear-glasses-mj3022","Molsion Eyewear - Glasses - MJ3022","1,344,000","20","1,680,000","Molsion - Pháp","Nhựa Acetate","Vuông","12 tháng","Xám"
"16","https://product.hstatic.net/1000096196/product/unisex__gong_kinh_can__gong_kinh_gia_can_chong_bui__kieu_dang_tron__5__720be9dc29aa4ae4a5bf890e3e28980e_large.jpg","https://matkinhshady.com/products/bolon-eyewear-glasses-bt1610","Bolon Eyewear - Glasses - BT1610","3,424,000","20","4,280,000","Bolon - Pháp","Titanium","Tròn","12 tháng","Đen Bạc-Hồng-Bạc"
"17","https://product.hstatic.net/1000096196/product/nisex__gong_kinh_can__gong_kinh_gia_can_chong_bui__kieu_dang_vuong__5__4d14f07b46be4f058f5e3c52084d0a8e_large.jpg","https://matkinhshady.com/products/ancci-eyewear-glasses-ac34610","ANCCI Eyewear - Glasses - AC34610","680,000","","","ANCCI - Tây Ban Nha","Nhựa dẻo TR | Hợp kim","Vuông","12 Tháng","Đen-Nâu"
"18","https://product.hstatic.net/1000096196/product/ex__gong_kinh_can__gong_kinh_gia_can_chong_bui__kieu_dang_luc_giac__4__6d1b178034f842d59814e0e19d8c100b_large.jpg","https://matkinhshady.com/products/ancci-eyewear-glasses-ac34609","ANCCI Eyewear - Glasses - AC34609","680,000","","","Ancci - Tây Ban Nha","Hợp kim | Nhựa","Lục giác","12 tháng","Đen"
"19","https://product.hstatic.net/1000096196/product/ng_kinh_can__gong_kinh_gia_can_chong_bui__kieu_dang_vuong_nua_vien__5__5c2066f103db4622ace6c3b51b2279c9_large.jpg","https://matkinhshady.com/products/ancci-eyewear-glasses-ac34404","ANCCI Eyewear - Glasses - AC34404","880,000","","","Ancci - Tây Ban Nha","Nhựa Acetate | Hợp kim","Vuông","12 tháng","Đen-Xám"
"20","https://product.hstatic.net/1000096196/product/ex__gong_kinh_can__gong_kinh_gia_can_chong_bui__kieu_dang_luc_giac__5__09c50e3861d94439b410b2010e4b6046_large.jpg","https://matkinhshady.com/products/ancci-eyewear-glasses-ac34402","ANCCI Eyewear - Glasses - AC34402","880,000","","","Ancci - Tây Ban Nha","Nhựa Acetate","Lục giác","12 tháng","Xám-Đen"
"21","https://product.hstatic.net/1000096196/product/ex__gong_kinh_can__gong_kinh_gia_can_chong_bui__kieu_dang_phi_cong__4__d5e378e5c6de4383b1356bb6dd03839e_large.jpg","https://matkinhshady.com/products/armani-exchange-eyewear-glasses-0ax1055","Armani Exchange Eyewear - Glasses - 0AX1055","2,288,000","20","2,860,000","Armani Exchange - ITALIA","Thép cao cấp","Phi công","12 tháng + Shady tặng Gói bảo hành chính hãng thêm 6 tháng. Tổng thời gian bảo hành lên đến 18 tháng.","Đen"
"22","https://product.hstatic.net/1000096196/product/nisex__gong_kinh_can__gong_kinh_gia_can_chong_bui__kieu_dang_vuong__5__7b386f93cdf644678c12cc62855f49b6_large.jpg","https://matkinhshady.com/products/gong-kinh-g2742","Gọng Kính G2742","490,000","","","OEM","Nhựa Ultem","Vuông","6 tháng","Đen-Trắng-Nâu"
"23","https://product.hstatic.net/1000096196/product/ex__gong_kinh_can__gong_kinh_gia_can_chong_bui__kieu_dang_luc_giac__4__87189aa877b64f77b9ab11a2b750f442_large.jpg","https://matkinhshady.com/products/prada-eyewear-glasses-0pr-59zv","Prada Eyewear - Glasses - 0PR 59ZV","8,424,000","20","10,530,000","Prada - Ý","Thép cao cấp","Lục giác","12 tháng + Shady tặng Gói bảo hành chính hãng thêm 6 tháng. Tổng thời gian bảo hành lên đến 18 tháng","Hồng"
"24","https://product.hstatic.net/1000096196/product/nisex__gong_kinh_can__gong_kinh_gia_can_chong_bui__kieu_dang_vuong__4__67f4738522254d66a17e3d443f698243_large.jpg","https://matkinhshady.com/products/rayban-eyewear-glasses-0rx7241d","Rayban Eyewear - Glasses - 0RX7241D","2,192,000","20","2,740,000","RayBan - Mỹ","Nhựa Acetate","Vuông","12 tháng + Shady tặng Gói bảo hành chính hãng thêm 6 tháng. Tổng thời gian bảo hành lên đến 18 tháng","Đen"
"25","https://product.hstatic.net/1000096196/product/unisex__gong_kinh_can__gong_kinh_gia_can_chong_bui__kieu_dang_oval__4__d9c56652c97444ba9d827b272b96ee05_large.jpg","https://matkinhshady.com/products/rayban-eyewear-glasses-0rx5429","Rayban Eyewear - Glasses - 0RX5429","3,568,000","20","4,460,000","RayBan - Mỹ","Nhựa Acetate","Oval","12 tháng + Shady tặng Gói bảo hành chính hãng thêm 6 tháng. Tổng thời gian bảo hành lên đến 18 tháng","Đồi Mồi-Đen"
"26","https://product.hstatic.net/1000096196/product/ng_kinh_can__gong_kinh_gia_can_chong_bui__kieu_dang_vuong_nua_vien__4__997b24433e4049c987d94ff3b5c6161d_large.jpg","https://matkinhshady.com/products/rayban-eyewear-glasses-0rx5154","Rayban Eyewear - Glasses - 0RX5154","3,888,000","20","4,860,000","RayBan - Mỹ","Thép cao cấp | Nhựa","Vuông","12 tháng + Shady tặng Gói bảo hành chính hãng thêm 6 tháng. Tổng thời gian bảo hành lên đến 18 tháng","Đen Bạc-Đen Nhám"
"27","https://product.hstatic.net/1000096196/product/ex__gong_kinh_can__gong_kinh_gia_can_chong_bui__kieu_dang_phi_cong__5__6ed6c3fb3b5f402a8dab649a715b00c2_large.jpg","https://matkinhshady.com/products/rayban-eyewear-glasses-0rx3733v","Rayban Eyewear - Glasses - 0RX3733V","3,208,000","20","4,010,000","Rayban - Mỹ","Thép cao cấp","Phi công","12 tháng + Shady tặng Gói bảo hành chính hãng thêm 6 tháng. Tổng thời gian bảo hành lên đến 18 tháng","Đen-Hồng"
"28","https://product.hstatic.net/1000096196/product/nisex__gong_kinh_can__gong_kinh_gia_can_chong_bui__kieu_dang_vuong__4__009686f4c7ca49edb0d9dcc9efd3ff2d_large.jpg","https://matkinhshady.com/products/bolon-eyewear-glasses-ba7039","Bolon Eyewear - Glasses - BA7039","3,024,000","20","3,780,000","Bolon - Pháp","Titanium","Vuông","12 tháng","Hồng"
"29","https://product.hstatic.net/1000096196/product/unisex__gong_kinh_can__gong_kinh_gia_can_chong_bui__kieu_dang_tron__5__26c36602bd2a49b68bff54c583960de8_large.jpg","https://matkinhshady.com/products/ancci-eyewear-glasses-ac42511","ANCCI Eyewear - Glasses - AC42511","780,000","","","Ancci - Tây Ban Nha","Nhựa Ultem","Tròn","12 tháng","Đỏ-Xanh Lá"
"30","https://product.hstatic.net/1000096196/product/unisex__gong_kinh_can__gong_kinh_gia_can_chong_bui__kieu_dang_tron__5__213bd65499a24793892e5ec4c7f4c1b7_large.jpg","https://matkinhshady.com/products/ancci-eyewear-glasses-ac42510","ANCCI Eyewear - Glasses - AC42510","780,000","","","Ancci - Tây Ban Nha","Nhựa Ultem","Tròn","12 tháng","Đen-Xanh Dương"
"31","https://product.hstatic.net/1000096196/product/nisex__gong_kinh_can__gong_kinh_gia_can_chong_bui__kieu_dang_vuong__5__b45b2653698842ed99e91e6a52fc52bc_large.jpg","https://matkinhshady.com/products/ancci-eyewear-glasses-ac42506","ANCCI Eyewear - Glasses - AC42506","780,000","","","Ancci - Tây Ban Nha","Nhựa Ultem","Vuông","12 tháng","Đen-Xanh Dương"
"32","https://product.hstatic.net/1000096196/product/ong_kinh_can__gong_kinh_gia_can_chong_bui__kieu_dang_tron_nua_vien__4__7ca0800b32e84d639d49f944210a6021_large.jpg","https://matkinhshady.com/products/rayban-eyewear-glasses-0rx8422","Rayban Eyewear - Glasses - 0RX8422","5,008,000","20","6,260,000","Rayban - Mỹ","Thép không gỉ","Tròn","12 tháng + Shady tặng Gói bảo hành chính hãng thêm 6 tháng. Tổng thời gian bảo hành lên đến 18 tháng","Xanh Dương-Đen"
"33","https://product.hstatic.net/1000096196/product/ex__gong_kinh_can__gong_kinh_gia_can_chong_bui__kieu_dang_wayfarer__4__136e6e8cf6104e8e89baa8a1dad2a33f_large.jpg","https://matkinhshady.com/products/rayban-eyewear-glasses-0rx5121f","Rayban Eyewear - Glasses - 0RX5121F","3,792,000","20","4,740,000","Rayban - Mỹ","Nhựa Acetate","Wayfarer","12 tháng + Shady tặng Gói bảo hành chính hãng thêm 6 tháng. Tổng thời gian bảo hành lên đến 18 tháng","Đen"
"34","https://product.hstatic.net/1000096196/product/ex__gong_kinh_can__gong_kinh_gia_can_chong_bui__kieu_dang_luc_giac__4__1816d35b4f7543fa8d9f3c73efa85a2a_large.jpg","https://matkinhshady.com/products/coach-eyewear-glasses-0hc6204d","Coach Eyewear - Glasses - 0HC6204D","3,088,000","20","3,860,000","Coach - Mỹ","Nhựa Acetate","Lục giác","12 tháng + Shady tặng Gói bảo hành chính hãng thêm 6 tháng. Tổng thời gian bảo hành lên đến 18 tháng.","Xám"
"35","https://product.hstatic.net/1000096196/product/nisex__gong_kinh_can__gong_kinh_gia_can_chong_bui__kieu_dang_vuong__4__32f1207c13264a79853935ac40fb1345_large.jpg","https://matkinhshady.com/products/new-balance-eyewear-glasses-nb09390x","New Balance Eyewear - Glasses - NB09390X","1,760,000","20","2,200,000","New Balance - Mỹ","Nhựa Acetate | Hợp kim","Vuông","12 tháng","Đen-Xanh Dương"
"36","https://product.hstatic.net/1000096196/product/nisex__gong_kinh_can__gong_kinh_gia_can_chong_bui__kieu_dang_vuong__5__fec7f8dba3644abda650475cf7c3b564_large.jpg","https://matkinhshady.com/products/new-balance-eyewear-glasses-nb09388","New Balance Eyewear - Glasses - NB09388","1,760,000","20","2,200,000","New Balance - Mỹ","Nhựa Acetate | Hợp kim","Vuông","12 tháng","Xám-Nâu"
"37","https://product.hstatic.net/1000096196/product/unisex__gong_kinh_can__gong_kinh_gia_can_chong_bui__kieu_dang_tron__5__40ed8fbfb3e7488a8664993987051776_large.jpg","https://matkinhshady.com/products/new-balance-eyewear-glasses-nb09387x","New Balance Eyewear - Glasses - NB09387X","1,760,000","20","2,200,000","New Balance - Mỹ","Nhựa Acetate | Hợp kim","Tròn","12 tháng","Đen-Xám"
"38","https://product.hstatic.net/1000096196/product/nisex__gong_kinh_can__gong_kinh_gia_can_chong_bui__kieu_dang_vuong__5__82a12e9c75b140aa9f3b317193a219a0_large.jpg","https://matkinhshady.com/products/new-balance-eyewear-glasses-nb09318","New Balance Eyewear - Glasses - NB09318","1,760,000","20","2,200,000","New Balance - Mỹ","Nhựa Acetate | Hợp kim","Vuông","12 tháng","Đen-Xanh Dương"
"39","https://product.hstatic.net/1000096196/product/nisex__gong_kinh_can__gong_kinh_gia_can_chong_bui__kieu_dang_vuong__5__f1cafd0b7c384b189e03cb62dce2718f_large.jpg","https://matkinhshady.com/products/balance-eyewear-glasses-nb07057","New Balance Eyewear - Glasses - NB07057","2,320,000","20","2,900,000","New Balance - Mỹ","Titanium","Vuông","12 tháng","Đen-Xám"
"40","https://product.hstatic.net/1000096196/product/nisex__gong_kinh_can__gong_kinh_gia_can_chong_bui__kieu_dang_vuong__4__1c25eb0d720e4ade9ce628ded3712646_large.jpg","https://matkinhshady.com/products/balance-eyewear-glasses-nb05306x","New Balance Eyewear - Glasses - NB05306X","1,840,000","20","2,300,000","New Balance - Mỹ","Thép cao cấp","Vuông","12 tháng","Hồng"
"41","https://product.hstatic.net/1000096196/product/nisex__gong_kinh_can__gong_kinh_gia_can_chong_bui__kieu_dang_vuong__5__ecb4a218820a419da6e68ef1afe85264_large.jpg","https://matkinhshady.com/products/balance-eyewear-glasses-nb05305x","New Balance Eyewear - Glasses - NB05305X","1,840,000","20","2,300,000","New Balance - Mỹ","Thép cao cấp","Vuông","12 tháng","Đen-Xanh Dương"
"42","https://product.hstatic.net/1000096196/product/nisex__gong_kinh_can__gong_kinh_gia_can_chong_bui__kieu_dang_vuong__4__f89d5949f2d948c5a8bf649e281d73b6_large.jpg","https://matkinhshady.com/products/balance-eyewear-glasses-nb05302x","New Balance Eyewear - Glasses - NB05302X","1,840,000","20","2,300,000","New Balance - Mỹ","Thép cao cấp","Vuông","12 tháng","Đen"
"43","https://product.hstatic.net/1000096196/product/unisex__gong_kinh_can__gong_kinh_gia_can_chong_bui__kieu_dang_tron__5__a720dbe6f54f462e89a4992b6bf8c714_large.jpg","https://matkinhshady.com/products/balance-eyewear-glasses-nb05299x","New Balance Eyewear - Glasses - NB05299X","1,840,000","20","2,300,000","New Balance - Mỹ","Thép cao cấp","Tròn","12 tháng","Tím-Bạc-Đen"
"44","https://product.hstatic.net/1000096196/product/nisex__gong_kinh_can__gong_kinh_gia_can_chong_bui__kieu_dang_vuong__4__8ef46be62aac48e38f5132c703c8e23e_large.jpg","https://matkinhshady.com/products/montblanc-eyewear-glasses-mb0322o","Montblanc Eyewear - Glasses - MB0322O","9,568,000","20","11,960,000","Montblanc - Đức","Nhựa Acetate","Vuông","12 tháng","Đen"
"45","https://product.hstatic.net/1000096196/product/nisex__gong_kinh_can__gong_kinh_gia_can_chong_bui__kieu_dang_vuong__5__8a46343081af4b25985ff39ebdfe5fa5_large.jpg","https://matkinhshady.com/products/montblanc-eyewear-glasses-mb0305o","Montblanc Eyewear - Glasses - MB0305O","9,568,000","20","11,960,000","Montblanc - Đức","Nhựa Acetate","Vuông","12 tháng","Đồi Mồi-Đen-Xám Đậm"
"46","https://product.hstatic.net/1000096196/product/nisex__gong_kinh_can__gong_kinh_gia_can_chong_bui__kieu_dang_vuong__5__ad0be80b40ee4d57ac707088f9b2f21a_large.jpg","https://matkinhshady.com/products/montblanc-eyewear-glasses-mb0272o","Montblanc Eyewear - Glasses - MB0272O","10,240,000","20","12,800,000","Montblanc - Đức","Thép cao cấp","Vuông","12 tháng","Bạc-Vàng"
"47","https://product.hstatic.net/1000096196/product/nisex__gong_kinh_can__gong_kinh_gia_can_chong_bui__kieu_dang_vuong__4__e2762c7505fd41e5934138f80bbd1944_large.jpg","https://matkinhshady.com/products/montblanc-eyewear-glasses-mb0256o","Montblanc Eyewear - Glasses - MB0256O","9,440,000","20","11,800,000","Montblanc - Đức","Nhựa Acetate","Vuông","12 tháng","Đen"
"48","https://product.hstatic.net/1000096196/product/nisex__gong_kinh_can__gong_kinh_gia_can_chong_bui__kieu_dang_vuong__5__22f7ffbb6cae4a77bbca6241a7cabe58_large.jpg","https://matkinhshady.com/products/montblanc-eyewear-glasses-mb0241o","Montblanc Eyewear - Glasses - MB0241O","10,240,000","20","12,800,000","Montblanc - Đức","Thép cao cấp","Vuông","12 tháng","Bạc-Vàng"
"49","https://product.hstatic.net/1000096196/product/nisex__gong_kinh_can__gong_kinh_gia_can_chong_bui__kieu_dang_vuong__5__03fef4cb1a0f4a71b653b2bc4cc0c6be_large.jpg","https://matkinhshady.com/products/montblanc-eyewear-glasses-mb0130o","Montblanc Eyewear - Glasses - MB0130O","10,240,000","20","12,800,000","Montblanc - Đức","Thép cao cấp","Vuông","12 tháng","Bạc-Vàng"
"50","https://product.hstatic.net/1000096196/product/nisex__gong_kinh_can__gong_kinh_gia_can_chong_bui__kieu_dang_vuong__4__3f3782c190ff4065a220dca33ad2aec8_large.jpg","https://matkinhshady.com/products/montblanc-eyewear-glasses-mb0089ok","Montblanc Eyewear - Glasses - MB0089OK","6,080,000","20","7,600,000","Montblanc - Đức","Nhựa Acetate","Vuông","12 tháng","Đồi Mồi"
"51","https://product.hstatic.net/1000096196/product/nisex__gong_kinh_can__gong_kinh_gia_can_chong_bui__kieu_dang_vuong__4__ade8d1cf30394d8bac6991c8b4e59770_large.jpg","https://matkinhshady.com/products/montblanc-eyewear-glasses-mb0075o","Montblanc Eyewear - Glasses - MB0075O","8,640,000","20","10,800,000","Montblanc - Đức","Thép cao cấp","Vuông","12 tháng","Bạc"
"52","https://product.hstatic.net/1000096196/product/nisex__gong_kinh_can__gong_kinh_gia_can_chong_bui__kieu_dang_vuong__5__e0730030a5964b83bbc9a6b28e542a61_large.jpg","https://matkinhshady.com/products/gucci-eyewear-glasses-gg1446o","Gucci Eyewear - Glasses - GG1446O","8,760,000","20","10,950,000","Gucci - Italia","Nhựa Acetate","Vuông","12 tháng","Đồi Mồi-Đen"
"53","https://product.hstatic.net/1000096196/product/ex__gong_kinh_can__gong_kinh_gia_can_chong_bui__kieu_dang_luc_giac__4__c356cb61c29a4eab9cf2b96a6079ea25_large.jpg","https://matkinhshady.com/products/gucci-eyewear-glasses-gg1434o","Gucci Eyewear - Glasses - GG1434O","12,000,000","20","15,000,000","Gucci - Italia","Thép cao cấp","Lục giác","12 tháng","Hồng"
"54","https://product.hstatic.net/1000096196/product/sex__gong_kinh_can__gong_kinh_gia_can_chong_bui__kieu_dang_mat_meo__5__a43c97d258ac42a68cf9196b2ccdf70a_large.jpg","https://matkinhshady.com/products/gucci-eyewear-glasses-gg1205o","Gucci Eyewear - Glasses - GG1205O","12,000,000","20","15,000,000","Gucci - Italia","Nhựa Acetate | Hợp kim","Mắt mèo","12 tháng","Đen-Đồi Mồi"
"55","https://product.hstatic.net/1000096196/product/nisex__gong_kinh_can__gong_kinh_gia_can_chong_bui__kieu_dang_vuong__4__715fc228b23d4704934d42f1551be725_large.jpg","https://matkinhshady.com/products/gucci-eyewear-glasses-gg0927o","Gucci Eyewear - Glasses - GG0927O","7,600,000","20","9,500,000","Gucci - Italia","Nhựa Acetate","Vuông","12 tháng","Xám"
"56","https://product.hstatic.net/1000096196/product/unisex__gong_kinh_can__gong_kinh_gia_can_chong_bui__kieu_dang_tron__5__8f8ebccfdc054df4a7162ba674b69053_large.jpg","https://matkinhshady.com/products/gucci-eyewear-glasses-gg0738o","Gucci Eyewear - Glasses - GG0738O","9,584,000","20","11,980,000","Gucci - Italia","Nhựa Acetate","Tròn","12 tháng","Đồi Mồi-Đen"
"57","https://product.hstatic.net/1000096196/product/nisex__gong_kinh_can__gong_kinh_gia_can_chong_bui__kieu_dang_vuong__4__7f761eb916114a7fb5330e326826f653_large.jpg","https://matkinhshady.com/products/gucci-eyewear-glasses-gg0184o","Gucci Eyewear - Glasses - GG0184O","9,600,000","20","12,000,000","Gucci - Italia","Nhựa Acetate","Vuông","12 tháng","Đồi Mồi"
"58","https://product.hstatic.net/1000096196/product/unisex__gong_kinh_can__gong_kinh_gia_can_chong_bui__kieu_dang_tron__4__3486ce85f0bf4538b6f000036f1aeb5d_large.jpg","https://matkinhshady.com/products/gucci-eyewear-glasses-gg0027o","Gucci Eyewear - Glasses - GG0027O","7,200,000","20","9,000,000","Gucci - Italia","Nhựa Acetate","Tròn","12 tháng","Đồi Mồi"
"59","https://product.hstatic.net/1000096196/product/sex__gong_kinh_can__gong_kinh_gia_can_chong_bui__kieu_dang_mat_meo__4__ad05ba70b5fe4ee0b7e364e953b4ce4b_large.jpg","https://matkinhshady.com/products/cartier-eyewear-glasses-ct0315o","Cartier Eyewear - Glasses - CT0315O","16,200,000","10","18,000,000","Cartier - Pháp","Nhựa Acetate cao cấp","Mắt mèo","12 tháng","Đồi Mồi"
"60","https://product.hstatic.net/1000096196/product/nisex__gong_kinh_can__gong_kinh_gia_can_chong_bui__kieu_dang_vuong__5__eef8f8d5c8b947f284e29a0891206d8f_large.jpg","https://matkinhshady.com/products/cartier-eyewear-glasses-ct0292o","Cartier Eyewear - Glasses - CT0292O","13,950,000","10","15,500,000","Cartier - Pháp","Nhựa Acetate cao cấp","Vuông","12 tháng","Đồi Mồi-Đen"
"61","https://product.hstatic.net/1000096196/product/nisex__gong_kinh_can__gong_kinh_gia_can_chong_bui__kieu_dang_vuong__4__fa944c3ba7bb4a0b81384ec0d7b40d0e_large.jpg","https://matkinhshady.com/products/cartier-eyewear-glasses-ct0291oa","Cartier Eyewear - Glasses - CT0291OA","13,950,000","10","15,500,000","Cartier - Pháp","Nhựa Acetate cao cấp","Vuông","12 tháng","Đen"
"62","https://product.hstatic.net/1000096196/product/unisex__gong_kinh_can__gong_kinh_gia_can_chong_bui__kieu_dang_tron__5__c860a7f1f0c146aaaac6ba51803621b9_large.jpg","https://matkinhshady.com/products/cartier-eyewear-glasses-ct0221o","Cartier Eyewear - Glasses - CT0221O","22,950,000","10","25,500,000","Cartier - Pháp","Nhựa Acetate cao cấp","Tròn","12 tháng","Đen-Đồi Mồi"
"63","https://product.hstatic.net/1000096196/product/nisex__gong_kinh_can__gong_kinh_gia_can_chong_bui__kieu_dang_vuong__4__b290eb248bf847638425abed955a61df_large.jpg","https://matkinhshady.com/products/cartier-eyewear-glasses-ct0085o","Cartier Eyewear - Glasses - CT0085O","27,112,500","10","30,125,000","Cartier - Pháp","Thép mạ vàng cao cấp","Vuông","12 tháng","Bạc"
"64","https://product.hstatic.net/1000096196/product/__gong_kinh_gia_can_chong_bui__kieu_dang_vuong_khoan_oc_khong_vien__4__ae0cac3fc2954538be38a452685b6f06_large.jpg","https://matkinhshady.com/products/cartier-eyewear-glasses-ct0061o","Cartier Eyewear - Glasses - CT0061O","29,250,000","10","32,500,000","Cartier - Pháp","Thép mạ vàng cao cấp","Vuông không viền","12 tháng","Bạc"
"65","https://product.hstatic.net/1000096196/product/nisex__gong_kinh_can__gong_kinh_gia_can_chong_bui__kieu_dang_vuong__5__a83f2ca6ad554ce582266ebf4c6af346_large.jpg","https://matkinhshady.com/products/cartier-eyewear-glasses-ct0005o","Cartier Eyewear - Glasses - CT0005O","14,175,000","10","15,750,000","Cartier - Pháp","Nhựa Acetate cao cấp","Vuông","12 tháng","Đen-Đồi Mồi"
"66","https://product.hstatic.net/1000096196/product/nisex__gong_kinh_can__gong_kinh_gia_can_chong_bui__kieu_dang_vuong__6__d5dabfacf3ee457bb502600b4ff36f9e_large.jpg","https://matkinhshady.com/products/tom-ford-eyewear-glasses-tf5935b","Tom Ford Eyewear - Glasses - TF5935B","12,720,000","20","15,900,000","Tom Ford - Mỹ","Titanium Alloy","Vuông","12 tháng","Đen-Đen Nhám"
"67","https://product.hstatic.net/1000096196/product/nh_can__gong_kinh_gia_can_chong_bui__kieu_dang_luc_giac_khong_vien__5__12ac178ae7f64481bf8152b1ed886bc1_large.jpg","https://matkinhshady.com/products/tom-ford-eyewear-glasses-tf5934b","Tom Ford Eyewear - Glasses - TF5934B","8,720,000","20","10,900,000","Tom Ford - Mỹ","Thép cao cấp","Lục giác","12 tháng","Xám-Vàng-Bạc"
"68","https://product.hstatic.net/1000096196/product/ong_kinh_can__gong_kinh_gia_can_chong_bui__kieu_dang_tron_nua_vien__4__9bed955688ce45e9bedc5559c673ae35_large.jpg","https://matkinhshady.com/products/tom-ford-eyewear-glasses-tf5933db","Tom Ford Eyewear - Glasses - TF5933DB","8,400,000","20","10,500,000","Tom Ford - Mỹ","Thép cao cấp | Nhựa","Tròn","12 tháng","Đen"
"69","https://product.hstatic.net/1000096196/product/ng_kinh_can__gong_kinh_gia_can_chong_bui__kieu_dang_vuong_nua_vien__4__ed7a0e2244014b6aa19ee5bbb59a9167_large.jpg","https://matkinhshady.com/products/tom-ford-eyewear-glasses-tf5932db","Tom Ford Eyewear - Glasses - TF5932DB","8,400,000","20","10,500,000","Tom Ford - Mỹ","Thép cao cấp | Nhựa","Vuông","12 tháng","Đen"
"70","https://product.hstatic.net/1000096196/product/nisex__gong_kinh_can__gong_kinh_gia_can_chong_bui__kieu_dang_vuong__4__b25eaefe1d8545abbd425417ce5672c8_large.jpg","https://matkinhshady.com/products/tom-ford-eyewear-glasses-tf5929db","Tom Ford Eyewear - Glasses - TF5929DB","12,720,000","20","15,900,000","Tom Ford - Mỹ","Titanium Alloy","Vuông","12 tháng","Đen"
"71","https://product.hstatic.net/1000096196/product/sex__gong_kinh_can__gong_kinh_gia_can_chong_bui__kieu_dang_mat_meo__4__633fcb151a6f4c12973367771746a54e_large.jpg","https://matkinhshady.com/products/tom-ford-eyewear-glasses-tf5906b","Tom Ford Eyewear - Glasses - TF5906B","8,400,000","20","10,500,000","Tom Ford - Mỹ","Thép cao cấp","Mắt mèo","12 tháng","Đen vàng"
"72","https://product.hstatic.net/1000096196/product/nisex__gong_kinh_can__gong_kinh_gia_can_chong_bui__kieu_dang_vuong__5__4a451c0ca1044b609ab443d44a0a5498_large.jpg","https://matkinhshady.com/products/oliver-peoples-eyewear-glasses-0ov5491u","Oliver Peoples Eyewear - Glasses - 0OV5491U","8,704,000","20","10,880,000","Oliver Peoples - Mỹ","Nhựa Acetate","Vuông","12 tháng + Shady tặng Gói bảo hành chính hãng thêm 6 tháng. Tổng thời gian bảo hành lên đến 18 tháng","Đồi Mồi-Xanh Lá"
"73","https://product.hstatic.net/1000096196/product/nisex__gong_kinh_can__gong_kinh_gia_can_chong_bui__kieu_dang_vuong__5__c972b23af875431a8e9f6ec7234d6f7a_large.jpg","https://matkinhshady.com/products/tommy-hilfiger-eyewear-glasses-th1901","Tommy Hilfiger Eyewear - Glasses - TH1901","3,584,000","20","4,480,000","Tommy Hilfiger - Mỹ","Nhựa Acetate | Thép","Vuông","12 tháng","Đen-Đồi Mồi"
"74","https://product.hstatic.net/1000096196/product/nisex__gong_kinh_can__gong_kinh_gia_can_chong_bui__kieu_dang_vuong__4__4aa4ede654cc4b0fbf1730715b5b0ef7_large.jpg","https://matkinhshady.com/products/tom-ford-eyewear-glasses-tf5926db","Tom Ford Eyewear - Glasses - TF5926DB","7,360,000","20","9,200,000","Tom Ford - Mỹ","Nhựa acetate","Vuông","12 tháng","Đen"
"75","https://product.hstatic.net/1000096196/product/nisex__gong_kinh_can__gong_kinh_gia_can_chong_bui__kieu_dang_vuong__5__e77082aacf034140b6e61fbad9c76123_large.jpg","https://matkinhshady.com/products/tom-ford-eyewear-glasses-tf5860db","Tom Ford Eyewear - Glasses - TF5860DB","6,720,000","20","8,400,000","Tom Ford - Mỹ","Nhựa acetate","Vuông","12 tháng","Đen-Đồi Mồi"
"76","https://product.hstatic.net/1000096196/product/nisex__gong_kinh_can__gong_kinh_gia_can_chong_bui__kieu_dang_vuong__5__3363c1489a3a4853bc51674248ce71ea_large.jpg","https://matkinhshady.com/products/oliver-peoples-eyewear-glasses-0ov5371d","Oliver Peoples Eyewear - Glasses - 0OV5371D","9,280,000","20","11,600,000","Oliver Peoples - Mỹ","Nhựa Acetate | Thép","Vuông","12 tháng + Shady tặng Gói bảo hành chính hãng thêm 6 tháng. Tổng thời gian bảo hành lên đến 18 tháng","Đen-Đồi Mồi"
"77","https://product.hstatic.net/1000096196/product/sex__gong_kinh_can__gong_kinh_gia_can_chong_bui__kieu_dang_mat_meo__5__0f264e24d84d4c3eae9893cd45ddb520_large.jpg","https://matkinhshady.com/products/jimmy-choo-eyewear-glasses-0jc3007hf","Jimmy Choo Eyewear - Glasses - 0JC3007HF","8,664,000","20","10,830,000","Jimmy Choo - Anh","Nhựa Acetate | Hợp kim","Mắt mèo","12 tháng + Shady tặng Gói bảo hành chính hãng thêm 6 tháng. Tổng thời gian bảo hành lên đến 18 tháng","Đen-Hồng"
"78","https://product.hstatic.net/1000096196/product/nisex__gong_kinh_can__gong_kinh_gia_can_chong_bui__kieu_dang_vuong__4__9d9fdb483503443faa9653b0b9d3ddcf_large.jpg","https://matkinhshady.com/products/oliver-peoples-eyewear-glasses-0ov5528u","Oliver Peoples Eyewear - Glasses - 0OV5528U","9,976,000","20","12,470,000","Oliver Peoples - Mỹ","Nhựa Acetate","Vuông","12 tháng + Shady tặng Gói bảo hành chính hãng thêm 6 tháng. Tổng thời gian bảo hành lên đến 18 tháng","Xanh Lá"
"79","https://product.hstatic.net/1000096196/product/sex__gong_kinh_can__gong_kinh_gia_can_chong_bui__kieu_dang_mat_meo__5__fdbb6fd36c49491dace1b9f09e4a5815_large.jpg","https://matkinhshady.com/products/bolon-eyewear-glasses-bj5126","Bolon Eyewear - Glasses - BJ5126","2,384,000","20","2,980,000","Bolon - Pháp","Nhựa Acetate","Mắt Mèo","12 tháng","Nâu Đậm-Nâu"
"80","https://product.hstatic.net/1000096196/product/nisex__gong_kinh_can__gong_kinh_gia_can_chong_bui__kieu_dang_vuong__5__701eeb5106bc4ed8a0673e41cfc4b2b7_large.jpg","https://matkinhshady.com/products/molsion-eyewear-glasses-mh6001","Molsion Eyewear - Glasses - MH6001","2,224,000","20","2,780,000","Molsion - Pháp","Titanium | Nhựa","Vuông","12 tháng","Nâu-Xám"
"81","https://product.hstatic.net/1000096196/product/nisex__gong_kinh_can__gong_kinh_gia_can_chong_bui__kieu_dang_vuong__4__9f29baf2353f4e368175d96030ae8f7c_large.jpg","https://matkinhshady.com/products/molsion-eyewear-glasses-mj3097","Molsion Eyewear - Glasses - MJ3097","2,064,000","20","2,580,000","Molsion - Pháp","Nhựa Acetate","Vuông","12 tháng","Xám"
"82","https://product.hstatic.net/1000096196/product/nisex__gong_kinh_can__gong_kinh_gia_can_chong_bui__kieu_dang_vuong__5__2316104bd3db4426b87b4c7f8f19efb9_large.jpg","https://matkinhshady.com/products/molsion-eyewear-glasses-mj6185","Molsion Eyewear - Glasses - MJ6185","2,064,000","20","2,580,000","Molsion - Pháp","Thép cao cấp | Nhựa","Vuông","12 tháng","Xám-Đen-Nâu"
"83","https://product.hstatic.net/1000096196/product/nisex__gong_kinh_can__gong_kinh_gia_can_chong_bui__kieu_dang_vuong__5__c9f32b5013dc405085b353725cf0a6ac_large.jpg","https://matkinhshady.com/products/molsion-eyewear-glasses-mh6000","Molsion Eyewear - Glasses - MH6000","2,224,000","20","2,780,000","Molsion - Pháp","Titanium | Nhựa","Vuông","12 tháng","Trắng-Nâu-Xám"
"84","https://product.hstatic.net/1000096196/product/nisex__gong_kinh_can__gong_kinh_gia_can_chong_bui__kieu_dang_vuong__5__8e2ad9a84b67487cb23b4bbfa027ee9e_large.jpg","https://matkinhshady.com/products/molsion-eyewear-glasses-mj7363","Molsion Eyewear - Glasses - MJ7363","2,064,000","20","2,580,000","Molsion - Pháp","Thép cao cấp","Vuông","12 tháng","Vàng-Đen-Bạc"
"85","https://product.hstatic.net/1000096196/product/nisex__gong_kinh_can__gong_kinh_gia_can_chong_bui__kieu_dang_vuong__5__6a8eb69b8e5d4d55a9c387b7681c854f_large.jpg","https://matkinhshady.com/products/bolon-eyewear-glasses-bj3175","Bolon Eyewear - Glasses - BJ3175","2,384,000","20","2,980,000","Bolon - Pháp","Nhựa Acetate","Vuông","12 tháng","Xám-Đen-Xanh Lá"
"86","https://product.hstatic.net/1000096196/product/nisex__gong_kinh_can__gong_kinh_gia_can_chong_bui__kieu_dang_vuong__5__45a17c0038d548e2a0d2e75979cb3af4_large.jpg","https://matkinhshady.com/products/bolon-eyewear-glasses-bt1612","Bolon Eyewear - Glasses - BT1612","3,424,000","20","4,280,000","Bolon - Pháp","Titanium","Vuông","12 tháng","Đen-Xám Đậm-Đen Bạc"
"87","https://product.hstatic.net/1000096196/product/nisex__gong_kinh_can__gong_kinh_gia_can_chong_bui__kieu_dang_vuong__5__66201af5349b44b1916726f51f92f829_large.jpg","https://matkinhshady.com/products/bolon-eyewear-glasses-bj7190","Bolon Eyewear - Glasses - BJ7190","2,624,000","20","3,280,000","Bolon - Pháp","Thép cao cấp","Vuông","12 tháng","Nâu-Hồng"
"88","https://product.hstatic.net/1000096196/product/nisex__gong_kinh_can__gong_kinh_gia_can_chong_bui__kieu_dang_vuong__5__3e31ecf7a2ef44b1aec50af5a19af7af_large.jpg","https://matkinhshady.com/products/bolon-eyewear-glasses-bh7010","Bolon Eyewear - Glasses - BH7010","2,624,000","20","3,280,000","Bolon - Pháp","Titanium","Vuông","12 tháng","Bạc-Đen Bạc-Hồng"
"89","https://product.hstatic.net/1000096196/product/nisex__gong_kinh_can__gong_kinh_gia_can_chong_bui__kieu_dang_vuong__5__e84879e2119f41979594f2259359d434_large.jpg","https://matkinhshady.com/products/bolon-eyewear-glasses-bt6028","Bolon Eyewear - Glasses - BT6028","3,424,000","20","4,280,000","Bolon - Pháp","Titanium | Nhựa","Vuông","12 tháng","Xám-Đen Bạc-Xám Đậm-Nâu-Trắng"
"90","https://product.hstatic.net/1000096196/product/nisex__gong_kinh_can__gong_kinh_gia_can_chong_bui__kieu_dang_vuong__5__5cc1d13af1424281b265e866c86a3731_large.jpg","https://matkinhshady.com/products/bolon-eyewear-glasses-bj3196","Bolon Eyewear - Glasses - BJ3196","2,384,000","20","2,980,000","Bolon - Pháp","Nhựa Acetate","Vuông","12 tháng","Xám-Nâu"
"91","https://product.hstatic.net/1000096196/product/sex__gong_kinh_can__gong_kinh_gia_can_chong_bui__kieu_dang_mat_meo__5__e1ded9aa2e4243829c1cf6bda74ceef9_large.jpg","https://matkinhshady.com/products/bolon-eyewear-glasses-bj3170","Bolon Eyewear - Glasses - BJ3170","2,384,000","20","2,980,000","Bolon - Pháp","Nhựa Acetate","Mắt Mèo","12 tháng","Nâu-Đen"
"92","https://product.hstatic.net/1000096196/product/sex__gong_kinh_can__gong_kinh_gia_can_chong_bui__kieu_dang_mat_meo__2__ee3866e600ec4037a1c1c3a457292b31_large.jpg","https://matkinhshady.com/products/bolon-eyewear-glasses-bf3000","Bolon Eyewear - Glasses - BF3000","2,384,000","20","2,980,000","Bolon - Pháp","Nhựa Acetate","Mắt Mèo","12 tháng","Xám"
"93","https://product.hstatic.net/1000096196/product/nisex__gong_kinh_can__gong_kinh_gia_can_chong_bui__kieu_dang_vuong__5__2a7be21d4b834c65b69ff7da30fe384e_large.jpg","https://matkinhshady.com/products/bolon-eyewear-glasses-bj3201","Bolon Eyewear - Glasses - BJ3201","2,624,000","20","3,280,000","Bolon - Pháp","Nhựa Acetate","Vuông","12 tháng","Xám-Đen-Đồi Mồi"
"94","https://product.hstatic.net/1000096196/product/unisex__gong_kinh_can__gong_kinh_gia_can_chong_bui__kieu_dang_tron__5__6497c4eb0b3947f9955ddbf3be92cd20_large.jpg","https://matkinhshady.com/products/bolon-eyewear-glasses-bj3200","Bolon Eyewear - Glasses - BJ3200","2,384,000","27","3,280,000","Bolon - Pháp","Nhựa Acetate","Tròn","12 tháng","Nâu-Đồi Mồi-Đen-Xám"
"95","https://product.hstatic.net/1000096196/product/sex__gong_kinh_can__gong_kinh_gia_can_chong_bui__kieu_dang_mat_meo__5__50f9d6226da94898a8c69e1142ce4ee2_large.jpg","https://matkinhshady.com/products/bolon-eyewear-glasses-bh6017","Bolon Eyewear - Glasses - BH6017","2,624,000","20","3,280,000","Bolon - Pháp","Titanium | Nhựa","Mắt mèo","12 tháng","Xám-Nâu"
"96","https://product.hstatic.net/1000096196/product/nisex__gong_kinh_can__gong_kinh_gia_can_chong_bui__kieu_dang_vuong__4__bd92625b06a64087810ab609cb982e5c_large.jpg","https://matkinhshady.com/products/bolon-eyewear-glasses-bt1595","Bolon Eyewear - Glasses - BT1595","3,424,000","20","4,280,000","Bolon - Pháp","Titanium","Vuông","12 tháng","Bạc"
"97","https://product.hstatic.net/1000096196/product/unisex__gong_kinh_can__gong_kinh_gia_can_chong_bui__kieu_dang_tron__5__8c642bdbef5f4a07a94f76dba9eb8726_large.jpg","https://matkinhshady.com/products/molsion-eyewear-glasses-mj6186","Molsion Eyewear - Glasses - MJ6186","2,064,000","20","2,580,000","Molsion - Pháp","Thép cao cấp | Nhựa","Tròn","12 tháng","Đen-Xanh Lá-Nâu-Xám"
"98","https://product.hstatic.net/1000096196/product/unisex__gong_kinh_can__gong_kinh_gia_can_chong_bui__kieu_dang_tron__5__bfde561cb7e14abf9b93ce0a57da1a63_large.jpg","https://matkinhshady.com/products/molsion-eyewear-glasses-mj7329","Molsion Eyewear - Glasses - MJ7329","2,064,000","20","2,580,000","Molsion - Pháp","Thép cao cấp","Tròn","12 tháng","Hồng-Bạc"
"99","https://product.hstatic.net/1000096196/product/nisex__gong_kinh_can__gong_kinh_gia_can_chong_bui__kieu_dang_vuong__5__31b995428c2c45c1a02d78691e624268_large.jpg","https://matkinhshady.com/products/molsion-eyewear-glasses-mj5088","Molsion Eyewear - Glasses - MJ5088","2,224,000","20","2,780,000","Molsion - Pháp","Titanium | Nhựa","Vuông","12 tháng","Trắng-Nâu"
"100","https://product.hstatic.net/1000096196/product/nisex__gong_kinh_can__gong_kinh_gia_can_chong_bui__kieu_dang_vuong__5__2b9ea95a423142dab2101f4fef24ad7b_large.jpg","https://matkinhshady.com/products/molsion-eyewear-glasses-mj3086","Molsion Eyewear - Glasses - MJ3086","2,064,000","20","2,580,000","Molsion - Pháp","Nhựa Acetate","Vuông","12 tháng","Đen-Xám"
